{
    "$schema": "./node_modules/@angular/cli/lib/config/schema.json",
    "project": {
        "name": "mean-app"
    },
    "apps": [
        {
            "root": "src",
            "outDir": "dist",
            "assets": [
                "assets",
                "favicon.ico"
            ],
            "index": "index.html",
            "main": "main.ts",
            "polyfills": "polyfills.ts",
            "test": "test.ts",
            "tsconfig": "tsconfig.app.json",
            "testTsconfig": "tsconfig.spec.json",
            "prefix": "app",
            "styles": [
                "mdb/css/bootstrap.min.css",
                "mdb/css/mdb.min.css",
                "mdb/css/style.css",
                "styles.css",
                "theme.scss",
                "../node_modules/primeng/resources/primeng.min.css",
                "../node_modules/primeng/resources/themes/omega/theme.css",
                "../node_modules/font-awesome/css/font-awesome.min.css"
            ],
            "scripts": [
                "../node_modules/hammerjs/hammer.min.js",
                "mdb/js/jquery-2.2.3.min.js",
                "mdb/js/tether.min.js",
                "mdb/js/bootstrap.min.js",
                "mdb/js/mdb.min.js",
                "mdb/js/custom.js"
            ],
            "environmentSource": "environments/environment.ts",
            "environments": {
                "dev": "environments/environment.ts",
                "prod": "environments/environment.prod.ts"
            }
        }
    ],
    "e2e": {
        "protractor": {
            "config": "./protractor.conf.js"
        }
    },
    "lint": [
        {
            "project": "src/tsconfig.app.json"
        },
        {
            "project": "src/tsconfig.spec.json"
        },
        {
            "project": "e2e/tsconfig.e2e.json"
        }
    ],
    "test": {
        "karma": {
            "config": "./karma.conf.js"
        }
    },
    "defaults": {
        "styleExt": "css",
        "component": {}
    }
}